{
    "center_camera-intrinsic": {
        "sensor_name": "center_camera",
        "target_sensor_name": "center_camera",
        "device_type": "camera",
        "param_type": "intrinsic",
        "param": {
            "img_dist_w": 1296,
            "img_dist_h": 728,
            "cam_K": {
                "rows": 3,
                "cols": 3,
                "type": 6,
                "continuous": true,
                "data": [
                    [
                        913.0461695278889,
                        0,
                        629.37
                    ],
                    [
                        0,
                        911.7310411797433,
                        352.8
                    ],
                    [
                        0,
                        0,
                        1
                    ]
                ]
            },
            "cam_dist": {
                "rows": 1,
                "cols": 4,
                "type": 6,
                "continuous": true,
                "data": [
                    [
                        -0.22417698216526358,
                        0.06373024444105821,
                        0.00016808272635161168,
                        6.0425647320862865e-05
                    ]
                ]
            }
        }
    }
}
